Date,Price,Open,High,Low,Vol.,Change %
07/20/2025,39.75,38.4,39.85,38.365,78.44K,3.34%
07/13/2025,38.464,39.13,39.57,37.685,236.07K,-1.26%
07-06-2025,38.955,37.15,39.225,36.325,355.56K,5.05%
06/29/2025,37.084,36.15,37.315,35.585,194.82K,1.96%
06/22/2025,36.37,36.18,36.975,35.385,73.44K,0.53%
06/15/2025,36.18,36.595,37.52,35.72,2.44K,-0.92%
06-08-2025,36.517,36.215,37.17,35.8,2.34K,1.37%
06-01-2025,36.025,33.45,36.355,33.45,0.79K,9.07%
05/25/2025,33.029,33.47,33.655,32.75,93.24K,-1.30%
05/18/2025,33.464,32.345,33.75,32.155,2.86K,3.86%
05-11-2025,32.219,32.4,33.28,31.715,2.51K,-2.11%
05-04-2025,32.914,32.25,33.48,32.16,218.10K,2.03%
04/27/2025,32.259,33.205,33.835,31.86,191.88K,-2.75%
04/20/2025,33.171,32.62,33.83,32.35,7.76K,1.65%
04/13/2025,32.633,32.29,33.3,31.945,2.00K,1.76%
04-06-2025,32.07,29.075,32.355,28.21,4.03K,9.72%
03/30/2025,29.23,34.825,35.2,29.115,465.86K,-16.04%
03/23/2025,34.814,33.465,35.495,33.255,71.04K,4.48%
03/16/2025,33.32,34.25,34.82,33.03,2.11K,-2.76%
03-09-2025,34.264,32.785,34.665,32.095,2.26K,4.43%
03-02-2025,32.809,31.715,33.38,31.635,289.16K,4.17%
02/23/2025,31.496,33.045,33.27,31.365,121.62K,-5.06%
02/16/2025,33.174,32.665,33.935,32.665,4.36K,0.50%
02-09-2025,33.01,32.345,34.34,31.905,1.16K,1.75%
02-02-2025,32.443,32.46,33.215,31.61,339.95K,0.55%
01/26/2025,32.265,30.615,32.92,29.97,134.43K,3.90%
01/19/2025,31.055,30.81,31.535,30.375,1.52K,0.11%
01-12-2025,31.021,31.175,31.815,30.075,1.58K,-0.53%
01-05-2025,31.187,29.98,31.675,29.78,1.76K,3.73%
12/29/2024,30.065,29.98,30.38,29.2,140.03K,0.82%
12/22/2024,29.819,30.04,30.325,29.745,1.28K,-0.06%
12/15/2024,29.837,30.88,31.1,29.045,1.08K,-3.42%
12-08-2024,30.892,31.46,32.97,30.7,1.00K,-1.81%
12-01-2024,31.462,30.785,31.925,30.425,0.41K,1.14%
11/24/2024,31.108,31.85,31.98,30.095,228.68K,-2.10%
11/17/2024,31.776,30.81,32.035,30.78,87.93K,2.98%
11-10-2024,30.855,31.85,32.08,30.18,67.61K,-3.23%
11-03-2024,31.886,33,33.49,31.38,56.90K,-2.43%
10/27/2024,32.681,33.48,34.69,32.46,236.68K,-2.79%
10/20/2024,33.62,33.75,34.9,33.12,1.60K,1.64%
10/13/2024,33.079,30.87,33.785,30.87,1.53K,4.68%
10-06-2024,31.6,32.38,32.38,30.31,1.09K,-2.45%
09/29/2024,32.394,31.945,33.225,31.155,334.12K,1.82%
09/22/2024,31.816,30.915,32.855,30.84,76.13K,1.45%
09/15/2024,31.36,31.1,31.615,30.005,0.26K,1.39%
09-08-2024,30.929,27.96,31.13,27.96,0.32K,9.74%
09-01-2024,28.183,29.24,29.55,28.01,291.71K,-3.29%
08/25/2024,29.143,30.325,30.67,29.08,248.50K,-3.68%
08/18/2024,30.256,29.505,30.46,29.2,106.35K,3.39%
08-11-2024,29.264,27.98,29.505,27.64,67.08K,4.58%
08-04-2024,27.982,29.14,29.22,26.885,62.75K,-2.85%
07/28/2024,28.802,28.48,29.755,27.855,28.62K,1.29%
07/21/2024,28.436,29.82,30.07,27.98,26.95K,-4.39%
07/14/2024,29.741,31.52,32.115,29.5,22.16K,-5.95%
07-07-2024,31.621,31.925,32.46,31.08,19.18K,-1.63%
06/30/2024,32.146,29.855,32.24,29.68,15.62K,7.19%
06/23/2024,29.99,29.9,30.39,28.9,137.09K,0.16%
06/16/2024,29.942,29.955,31.225,29.305,101.82K,0.51%
06-09-2024,29.79,29.6,30.675,29.045,109.65K,0.10%
06-02-2024,29.761,30.895,31.985,29.56,61.06K,-3.27%
05/26/2024,30.767,30.895,32.84,30.68,31.35K,-0.19%
05/19/2024,30.827,32.115,33.05,30.575,25.86K,-2.36%
05-12-2024,31.571,28.735,32.145,28.48,22.41K,9.63%
05-05-2024,28.799,27.085,29.29,26.945,16.89K,6.77%
04/28/2024,26.972,27.755,28.015,26.55,10.93K,-2.04%
04/21/2024,27.535,29.06,29.07,26.99,222.77K,-5.47%
04/14/2024,29.128,28.4,29.37,27.935,98.76K,1.82%
04-07-2024,28.607,27.83,30.19,27.235,118.99K,2.99%
03/31/2024,27.777,25.37,27.885,25.11,60.60K,10.41%
03/24/2024,25.159,25.095,25.35,24.695,17.68K,0.30%
03/17/2024,25.084,25.61,26.2,24.825,17.03K,-2.09%
03-10-2024,25.62,24.78,25.88,24.455,20.25K,3.42%
03-03-2024,24.773,23.535,25.07,23.47,20.24K,5.06%
02/25/2024,23.58,23.18,23.7,22.625,95.44K,1.69%
02/18/2024,23.189,23.675,23.715,22.8,95.57K,-2.10%
02-11-2024,23.686,22.86,23.765,22.19,90.33K,3.84%
02-04-2024,22.809,23.03,23.03,22.42,43.17K,-0.90%
01/28/2024,23.016,23.23,23.65,22.71,23.62K,-0.34%
01/21/2024,23.095,22.96,23.36,22.265,14.47K,0.71%
01/14/2024,22.933,23.56,23.715,22.75,7.05K,-2.65%
01-07-2024,23.558,23.6,23.935,22.86,11.68K,0.06%
12/31/2023,23.544,24.275,24.565,23.11,9.52K,-3.19%
12/24/2023,24.321,24.495,24.955,24,74.95K,-0.99%
12/17/2023,24.565,24.125,24.895,23.955,222.64K,1.70%
12-10-2023,24.154,23.3,24.59,22.785,348.53K,3.77%
12-03-2023,23.276,25.945,26.34,23.245,394.69K,-9.98%
11/26/2023,25.857,24.75,25.94,24.68,307.53K,4.72%
11/19/2023,24.692,24.11,24.75,23.65,96.10K,2.03%
11-12-2023,24.201,22.69,24.56,22.26,80.68K,6.99%
11-05-2023,22.619,23.62,23.695,22.57,73.06K,-4.25%
10/29/2023,23.623,23.56,24.08,22.985,24.97K,2.66%
10/22/2023,23.011,23.515,23.545,22.8,0.20K,-2.62%
10/15/2023,23.631,22.8,23.96,22.8,0.12K,2.66%
10-08-2023,23.019,22,23.045,21.9,0.18K,5.42%
10-01-2023,21.836,22.225,22.225,20.995,0.30K,-3.25%
09/24/2023,22.57,23.81,23.925,22.51,175.14K,-5.34%
09/17/2023,23.844,23.32,24.05,23.06,272.27K,1.96%
09-10-2023,23.386,23.195,23.585,22.555,285.86K,0.91%
09-03-2023,23.174,24.565,24.655,23.13,262.30K,-5.65%
08/27/2023,24.562,24.62,25.425,24.45,260.04K,-0.09%
08/20/2023,24.583,23.13,24.785,23.04,142.51K,6.60%
08/13/2023,23.06,23.07,23.385,22.585,60.27K,-0.10%
08-06-2023,23.082,24.095,24.115,22.955,95.98K,-4.15%
07/30/2023,24.082,24.825,25.345,23.65,32.99K,-3.13%
07/23/2023,24.859,25.14,25.68,24.54,16.67K,-1.37%
07/16/2023,25.204,25.485,25.82,25.115,9.89K,-1.28%
07-09-2023,25.531,23.605,25.58,23.29,10.73K,8.10%
07-02-2023,23.617,23.29,23.85,23.06,6.26K,1.20%
06/25/2023,23.337,22.65,23.4,22.635,114.35K,3.49%
06/18/2023,22.549,24.44,24.47,22.34,89.58K,-7.35%
06-11-2023,24.339,24.57,24.72,23.495,69.37K,-1.18%
06-04-2023,24.629,23.87,24.835,23.535,49.07K,2.77%
05/28/2023,23.966,23.62,24.32,23.26,15.91K,1.66%
05/21/2023,23.574,24.235,24.255,23.025,13.73K,-2.88%
05/14/2023,24.273,24.305,24.605,23.69,8.16K,-0.40%
05-07-2023,24.371,26.13,26.42,24.13,11.71K,-6.78%
04/30/2023,26.144,25.645,26.63,25.05,9.35K,2.75%
04/23/2023,25.444,25.375,25.655,24.735,142.70K,0.65%
04/16/2023,25.28,25.705,25.925,24.925,86.61K,-1.57%
04-09-2023,25.684,25.23,26.435,25,83.80K,1.52%
04-02-2023,25.299,24.415,25.5,23.935,30.52K,3.90%
03/26/2023,24.35,23.665,24.5,23.145,15.54K,3.49%
03/19/2023,23.528,22.9,23.885,22.485,9.22K,3.91%
03-12-2023,22.642,20.875,22.925,20.84,13.69K,9.46%
03-05-2023,20.686,21.525,21.57,20.125,12.56K,-3.39%
02/26/2023,21.411,21.18,21.54,20.725,8.82K,2.27%
02/19/2023,20.936,21.815,22.135,20.835,145.19K,-4.23%
02-12-2023,21.861,22.19,22.27,21.315,55.53K,-1.81%
02-05-2023,22.265,22.515,22.815,22.035,57.58K,-1.51%
01/29/2023,22.607,23.905,24.935,22.525,25.24K,-5.10%
01/22/2023,23.822,24.31,24.605,23.045,13.83K,-1.26%
01/15/2023,24.125,24.605,24.855,23.47,8.12K,-1.78%
01-08-2023,24.561,24.17,24.63,23.53,12.74K,1.64%
01-01-2023,24.164,24.45,24.94,23.455,9.15K,-0.18%
12/25/2022,24.207,24.05,24.495,23.645,80.84K,1.20%
12/18/2022,23.92,23.415,24.525,23.03,220.23K,2.54%
12-11-2022,23.328,23.65,24.39,22.735,278.11K,-1.64%
12-04-2022,23.717,23.29,23.9,22.19,272.63K,2.01%
11/27/2022,23.25,21.64,23.475,21.045,318.00K,7.59%
11/20/2022,21.609,21.175,21.88,20.79,88.88K,1.95%
11/13/2022,21.196,21.905,22.5,20.975,71.16K,-2.87%
11-06-2022,21.822,20.735,22.305,20.565,88.13K,4.41%
10/30/2022,20.9,19.385,21.07,18.965,25.48K,8.16%
10/23/2022,19.323,19.46,19.79,19.08,2.77K,1.04%
10/16/2022,19.124,18.24,19.425,18.24,0.24K,5.39%
10-09-2022,18.146,20.22,20.22,18.105,0.54K,-10.70%
10-02-2022,20.32,19.495,21.19,19.475,0.53K,6.47%
09/25/2022,19.086,18.85,19.095,17.895,228.75K,0.93%
09/18/2022,18.91,19.6,19.96,18.76,303.15K,-2.43%
09-11-2022,19.381,18.815,20.005,18.77,314.99K,3.27%
09-04-2022,18.767,17.94,18.86,17.74,220.65K,4.95%
08/28/2022,17.881,18.81,18.83,17.4,290.43K,-5.01%
08/21/2022,18.825,19.075,19.385,18.715,124.37K,-1.83%
08/14/2022,19.176,20.98,21.02,19.035,44.85K,-8.01%
08-07-2022,20.845,19.945,20.98,19.895,67.12K,4.26%
07/31/2022,19.994,20.5,20.66,19.625,37.71K,-1.72%
07/24/2022,20.344,18.64,20.49,18.35,20.77K,8.44%
07/17/2022,18.76,18.805,19.15,18.26,12.15K,0.10%
07-10-2022,18.741,19.37,19.515,18.175,14.22K,-3.42%
07-03-2022,19.405,20.045,20.25,18.875,10.67K,-2.11%
06/26/2022,19.824,21.245,21.575,19.45,84.67K,-6.31%
06/19/2022,21.159,21.625,22.03,20.6,102.70K,-2.41%
06-12-2022,21.681,22.11,22.125,20.935,83.31K,-1.56%
06-05-2022,22.024,22.04,22.655,21.355,77.07K,0.11%
05/29/2022,21.999,22.21,22.61,21.51,16.82K,-0.87%
05/22/2022,22.191,21.9,22.56,21.755,14.72K,1.94%
05/15/2022,21.768,21.19,22.15,20.95,9.63K,3.21%
05-08-2022,21.09,22.435,22.455,20.525,15.91K,-6.11%
05-01-2022,22.462,22.84,23.4,22.21,10.49K,-3.00%
04/24/2022,23.156,24.255,24.3,22.8,113.34K,-4.78%
04/17/2022,24.318,25.9,26.575,24.16,103.02K,-5.69%
04-10-2022,25.785,25.015,26.2,24.885,72.97K,3.52%
04-03-2022,24.908,24.785,25.18,24.285,45.87K,0.75%
03/27/2022,24.722,25.76,25.83,24.11,25.64K,-3.68%
03/20/2022,25.667,25.135,26.18,24.75,14.71K,2.15%
03/13/2022,25.127,26.265,26.295,24.58,11.37K,-3.93%
03-06-2022,26.154,26.02,27.45,25.49,31.96K,1.25%
02/27/2022,25.831,24.575,25.935,24.215,21.43K,7.30%
02/20/2022,24.073,24.095,25.705,23.755,174.51K,0.15%
02/13/2022,24.038,23.65,24.165,23.125,75.01K,2.64%
02-06-2022,23.42,22.58,23.78,22.58,93.71K,4.01%
01/30/2022,22.517,22.505,23.09,22.05,18.76K,0.79%
01/23/2022,22.34,24.35,24.38,22.2,16.95K,-8.28%
01/16/2022,24.357,23.035,24.79,22.87,10.17K,6.11%
01-09-2022,22.954,22.38,23.37,22.275,15.97K,2.28%
01-02-2022,22.443,23.395,23.46,21.985,12.06K,-4.01%
12/26/2021,23.381,22.9,23.48,22.6,124.50K,1.92%
12/19/2021,22.94,22.39,22.965,22.185,150.34K,1.81%
12-12-2021,22.533,22.195,22.69,21.41,245.03K,1.52%
12-05-2021,22.195,22.61,22.635,21.815,211.68K,-1.27%
11/28/2021,22.481,23.16,23.46,22.035,299.64K,-2.83%
11/21/2021,23.135,24.725,25.02,22.935,147.64K,-6.88%
11/14/2021,24.844,25.48,25.54,24.67,69.94K,-2.18%
11-07-2021,25.398,24.335,25.515,24.1,81.21K,4.92%
10/31/2021,24.206,24.005,24.295,23.095,26.70K,0.89%
10/24/2021,23.992,24.55,24.65,23.75,7.24K,-1.95%
10/17/2021,24.469,23.415,24.905,23.15,1.53K,4.69%
10-10-2021,23.372,22.71,23.655,22.38,1.06K,2.83%
10-03-2021,22.728,22.61,23.22,22.365,0.52K,0.77%
09/26/2021,22.555,22.395,22.865,21.5,91.94K,0.58%
09/19/2021,22.425,22.33,23.15,22.025,229.49K,0.39%
09-12-2021,22.337,23.79,24,22.305,279.48K,-6.54%
09-05-2021,23.9,24.865,24.895,23.76,197.86K,-3.64%
08/29/2021,24.802,24.13,24.945,23.775,245.25K,2.87%
08/22/2021,24.11,23.015,24.18,22.975,166.93K,4.10%
08/15/2021,23.16,23.77,24,22.88,58.55K,-2.82%
08-08-2021,23.832,24.395,24.395,22.35,78.10K,-2.24%
08-01-2021,24.377,25.605,26.13,24.26,30.28K,-4.78%
07/25/2021,25.6,25.305,25.92,24.575,15.79K,1.27%
07/18/2021,25.28,25.75,25.85,24.85,10.21K,-2.18%
07-11-2021,25.844,26.24,26.615,25.69,11.83K,-1.66%
07-04-2021,26.279,26.635,26.935,25.885,11.93K,-1.00%
06/27/2021,26.544,26.22,26.72,25.635,48.97K,1.60%
06/20/2021,26.126,25.895,26.415,25.615,107.41K,0.45%
06/13/2021,26.009,28.105,28.185,25.81,72.42K,-7.70%
06-06-2021,28.18,27.945,28.465,27.515,87.55K,0.91%
05/30/2021,27.926,28.08,28.735,27.125,18.49K,-0.42%
05/23/2021,28.045,27.71,28.355,27.515,13.62K,1.94%
05/16/2021,27.51,27.535,28.92,27.31,13.76K,0.44%
05-09-2021,27.39,27.69,28.01,26.815,14.67K,-0.41%
05-02-2021,27.502,26.005,27.795,25.93,16.76K,6.19%
04/25/2021,25.9,26.09,26.585,25.82,145.17K,-0.82%
04/18/2021,26.114,26.11,26.765,25.715,83.70K,-0.10%
04-11-2021,26.14,25.325,26.41,24.725,61.63K,3.08%
04-04-2021,25.359,25.075,25.695,24.705,45.17K,1.51%
03/28/2021,24.983,25.135,25.165,23.785,14.64K,-0.67%
03/21/2021,25.152,26.355,26.355,24.475,16.58K,-4.54%
03/14/2021,26.348,26.085,26.755,25.845,9.98K,1.60%
03-07-2021,25.934,25.43,26.56,25.015,14.95K,2.43%
02/28/2021,25.318,26.695,27.185,24.88,16.52K,-4.35%
02/21/2021,26.47,27.59,28.47,26.25,183.41K,-3.02%
02/14/2021,27.293,27.505,28.105,26.155,85.83K,-0.27%
02-07-2021,27.368,27.185,27.895,26.8,76.19K,1.15%
01/31/2021,27.058,28.41,30.04,25.98,87.83K,0.39%
01/24/2021,26.953,25.62,27.795,24.775,31.16K,5.27%
01/17/2021,25.603,24.85,26.165,24.095,10.63K,2.74%
01-10-2021,24.919,25.52,26.025,24.425,15.18K,0.89%
01-03-2021,24.699,26.825,28.15,24.605,14.50K,-6.70%
12/27/2020,26.473,26.13,26.98,26,148.65K,2.18%
12/20/2020,25.908,26.11,27.635,25.12,342.40K,-0.48%
12/13/2020,26.033,24.14,26.35,23.755,384.35K,8.06%
12-06-2020,24.092,24.31,25.015,23.63,335.33K,-0.66%
11/29/2020,24.253,22.78,24.585,21.96,403.44K,7.13%
11/22/2020,22.639,24.305,24.575,22.4,196.65K,-7.56%
11/15/2020,24.491,24.9,25.285,23.79,74.71K,-1.67%
11-08-2020,24.907,26.1,26.27,23.745,80.35K,-3.50%
11-01-2020,25.811,23.785,26.105,23.445,42.92K,8.45%
10/25/2020,23.799,24.66,24.77,22.805,8.27K,-3.74%
10/18/2020,24.723,24.795,25.455,24.535,0.13K,1.07%
10-11-2020,24.461,25.445,25.575,23.82,0.14K,-2.73%
10-04-2020,25.147,23.905,25.305,23.685,0.11K,4.48%
09/27/2020,24.069,22.995,24.54,22.61,78.67K,4.23%
09/20/2020,23.093,27.005,27.13,21.81,694.16K,-14.88%
09/13/2020,27.129,26.91,27.865,26.405,325.29K,1.01%
09-06-2020,26.857,27.04,27.755,25.985,347.49K,0.54%
08/30/2020,26.712,27.83,29.235,26.455,574.30K,-3.88%
08/23/2020,27.79,27.04,28.195,26.29,350.39K,3.40%
08/16/2020,26.877,26.755,28.775,26.1,159.64K,2.36%
08-09-2020,26.258,28.8,29.74,23.8,181.83K,-5.54%
08-02-2020,27.797,24.925,30.19,24.405,108.82K,13.60%
07/26/2020,24.469,23.195,26.515,22.705,58.25K,6.02%
07/19/2020,23.08,19.915,23.875,19.85,40.75K,15.63%
07-12-2020,19.961,19.29,20.045,19.29,15.38K,3.80%
07-05-2020,19.231,18.445,19.625,18.435,16.36K,0.93%
07-02-2020,19.053,18.27,19.445,18.23,383.87K,2.93%
06/28/2020,18.511,18.325,19.005,18.11,9.68K,1.89%
06/21/2020,18.168,18.08,18.425,17.595,147.81K,0.81%
06/14/2020,18.022,17.7,18.205,17.175,59.48K,2.15%
06-07-2020,17.642,17.695,18.585,17.625,79.62K,-0.15%
05/31/2020,17.668,18.715,19.035,17.55,44.59K,-4.93%
05/24/2020,18.584,17.7,18.63,17.31,19.07K,4.62%
05/17/2020,17.763,17.275,18.2,17.2,18.01K,3.75%
05-10-2020,17.121,15.845,17.195,15.585,13.76K,8.12%
05-03-2020,15.835,15.285,16.045,14.85,11.29K,5.32%
04/26/2020,15.035,15.49,16,14.93,59.85K,-2.65%
04/19/2020,15.445,15.425,15.885,14.715,80.47K,0.00%
04-12-2020,15.445,16.025,16.505,15.335,62.21K,-4.91%
04-05-2020,16.242,14.59,16.3,14.4,59.30K,11.84%
03/29/2020,14.523,14.73,14.765,13.935,29.09K,-0.41%
03/22/2020,14.583,12.665,14.975,12.345,35.17K,17.37%
03/15/2020,12.425,15.11,15.15,11.68,44.75K,-14.51%
03-08-2020,14.534,17.505,17.625,14.46,31.82K,-16.06%
03-01-2020,17.315,16.555,17.61,16.545,22.48K,4.78%
02/23/2020,16.525,18.71,19.005,16.47,323.16K,-11.22%
02/16/2020,18.613,17.785,18.705,17.76,134.99K,4.48%
02-09-2020,17.815,17.755,17.91,17.515,76.77K,0.24%
02-02-2020,17.773,18.165,18.2,17.545,33.46K,-1.76%
01/26/2020,18.091,18.32,18.43,17.37,19.33K,-0.57%
01/19/2020,18.194,18.145,18.235,17.68,11.94K,0.20%
01-12-2020,18.158,18.175,18.25,17.785,10.34K,-0.19%
01-05-2020,18.193,18.245,18.965,17.91,16.74K,-0.26%
12/29/2019,18.24,17.945,18.395,17.92,10.55K,1.66%
12/22/2019,17.943,17.23,18.135,17.23,289.02K,4.17%
12/15/2019,17.224,17.005,17.315,16.935,254.62K,1.25%
12-08-2019,17.012,16.6,17.185,16.565,357.71K,2.51%
12-01-2019,16.596,17.07,17.415,16.575,454.51K,-2.98%
11/24/2019,17.106,17.1,17.225,16.82,220.66K,-0.24%
11/17/2019,17.147,17.095,17.355,16.85,118.05K,0.32%
11-10-2019,17.092,16.925,17.225,16.76,71.22K,0.72%
11-03-2019,16.969,18.25,18.38,16.805,53.35K,-6.79%
10/27/2019,18.206,18.08,18.335,17.68,13.44K,1.27%
10/20/2019,17.977,17.64,18.365,17.515,0.50K,1.98%
10/13/2019,17.628,17.6,17.73,17.26,0.30K,0.19%
10-06-2019,17.594,17.58,18,17.465,0.22K,-0.45%
09/29/2019,17.673,17.675,17.8,17.02,0.45K,-0.17%
09/22/2019,17.703,18.03,18.81,17.41,504.63K,-0.82%
09/15/2019,17.849,17.755,18.17,17.58,422.47K,1.59%
09-08-2019,17.569,18.215,18.555,17.47,542.81K,-3.04%
09-01-2019,18.119,18.52,19.75,18.045,772.31K,-1.22%
08/25/2019,18.342,17.65,18.76,17.64,509.84K,4.49%
08/18/2019,17.554,17.26,17.605,16.96,159.26K,1.69%
08-11-2019,17.263,17.09,17.625,16.65,86.73K,1.14%
08-04-2019,17.069,16.39,17.39,16.26,72.57K,4.08%
07/28/2019,16.4,16.575,16.765,16.065,29.32K,-0.76%
07/21/2019,16.525,16.385,16.805,16.32,22.52K,1.29%
07/14/2019,16.315,15.36,16.735,15.305,23.99K,6.26%
07-07-2019,15.354,15.15,15.455,15.09,16.22K,1.56%
06/30/2019,15.118,15.4,15.62,15.035,12.66K,-2.13%
06/23/2019,15.447,15.445,15.59,15.24,212.90K,0.50%
06/16/2019,15.37,14.91,15.625,14.83,152.41K,3.31%
06-09-2019,14.878,15.05,15.19,14.7,69.00K,-1.52%
06-02-2019,15.107,14.66,15.225,14.64,47.23K,3.15%
05/26/2019,14.646,14.63,14.75,14.35,18.88K,0.07%
05/19/2019,14.636,14.465,14.71,14.43,8.26K,1.18%
05-12-2019,14.466,14.86,14.935,14.465,9.04K,-2.72%
05-05-2019,14.87,15.045,15.07,14.79,11.99K,-0.72%
04/28/2019,14.978,15.075,15.1,14.57,362.19K,-0.73%
04/21/2019,15.088,14.985,15.12,14.7,337.57K,0.89%
04/14/2019,14.955,14.925,15.055,14.795,284.87K,-0.05%
04-07-2019,14.963,15.11,15.31,14.845,356.58K,-0.82%
03/31/2019,15.086,15.09,15.19,14.86,336.93K,-0.16%
03/24/2019,15.11,15.41,15.59,14.95,321.02K,-1.93%
03/17/2019,15.407,15.245,15.65,15.22,276.03K,0.54%
03-10-2019,15.324,15.35,15.55,15.135,276.83K,-0.16%
03-03-2019,15.349,15.27,15.385,14.985,349.74K,0.61%
02/24/2019,15.256,15.92,16.01,15.165,365.13K,-4.13%
02/17/2019,15.914,15.785,16.195,15.715,398.32K,1.09%
02-10-2019,15.743,15.69,15.82,15.445,290.11K,-0.42%
02-03-2019,15.809,15.865,15.93,15.635,268.20K,-0.77%
01/27/2019,15.931,15.785,16.2,15.61,348.29K,1.48%
01/20/2019,15.699,15.365,15.765,15.195,267.75K,1.95%
01/13/2019,15.399,15.68,15.735,15.35,268.77K,-1.64%
01-06-2019,15.656,15.825,15.88,15.56,326.01K,-0.82%
12/30/2018,15.786,15.43,15.91,15.385,333.38K,2.27%
12/23/2018,15.436,14.74,15.46,14.725,246.40K,4.99%
12/16/2018,14.702,14.635,14.915,14.615,287.35K,0.44%
12-09-2018,14.637,14.7,14.9,14.56,311.46K,-0.40%
12-02-2018,14.696,14.345,14.745,14.345,335.85K,3.37%
11/25/2018,14.217,14.29,14.47,14.05,407.85K,-0.18%
11/18/2018,14.243,14.4,14.54,14.165,344.88K,-0.97%
11-11-2018,14.382,14.15,14.4,13.86,414.36K,1.71%
11-04-2018,14.14,14.74,14.775,14.08,429.18K,-4.17%
10/28/2018,14.756,14.72,14.92,14.24,477.93K,0.38%
10/21/2018,14.7,14.65,14.84,14.54,363.35K,0.34%
10/14/2018,14.65,14.625,14.88,14.47,324.32K,0.10%
10-07-2018,14.635,14.665,14.735,14.255,383.63K,-0.10%
09/30/2018,14.649,14.725,14.95,14.395,396.57K,-0.43%
09/23/2018,14.712,14.325,14.755,14.195,456.92K,2.46%
09/16/2018,14.359,14.095,14.465,14.065,395.87K,1.53%
09-09-2018,14.142,14.16,14.39,13.965,368.63K,-0.20%
09-02-2018,14.17,14.54,14.55,14.035,362.88K,-2.66%
08/26/2018,14.557,14.82,14.95,14.525,379.21K,-1.60%
08/19/2018,14.794,14.725,14.875,14.45,428.05K,1.11%
08-12-2018,14.631,15.3,15.345,14.315,500.51K,-4.34%
08-05-2018,15.295,15.445,15.525,15.29,320.46K,-1.08%
07/29/2018,15.462,15.46,15.635,15.25,311.89K,-0.20%
07/22/2018,15.493,15.54,15.7,15.34,308.78K,-0.36%
07/15/2018,15.549,15.805,15.9,15.185,384.55K,-1.68%
07-08-2018,15.815,16.065,16.26,15.7,360.53K,-1.58%
07-01-2018,16.069,16.145,16.19,15.8,302.57K,-0.80%
06/24/2018,16.198,16.445,16.485,15.945,432.80K,-1.59%
06/17/2018,16.459,16.55,16.635,16.19,425.40K,-0.13%
06-10-2018,16.48,16.805,17.35,16.46,586.86K,-1.56%
06-03-2018,16.741,16.42,16.935,16.37,446.30K,1.82%
05/27/2018,16.441,16.48,16.615,16.31,316.45K,-0.63%
05/20/2018,16.546,16.43,16.74,16.28,390.60K,0.55%
05/13/2018,16.455,16.7,16.76,16.19,321.40K,-1.77%
05-06-2018,16.752,16.55,16.865,16.335,337.04K,1.41%
04/29/2018,16.519,16.555,16.62,16.07,372.08K,0.13%
04/22/2018,16.497,17.135,17.135,16.385,478.62K,-3.88%
04/15/2018,17.163,16.655,17.36,16.545,579.50K,3.03%
04-08-2018,16.658,16.42,16.89,16.295,481.10K,1.81%
04-01-2018,16.362,16.3,16.68,16.15,428.81K,0.58%
03/25/2018,16.268,16.56,16.81,16.195,351.61K,-1.89%
03/18/2018,16.582,16.305,16.675,16.1,426.39K,1.91%
03-11-2018,16.272,16.605,16.69,16.205,326.25K,-2.02%
03-04-2018,16.608,16.53,16.895,16.33,407.86K,0.86%
02/25/2018,16.466,16.47,16.72,16.16,403.44K,-0.11%
02/18/2018,16.484,16.6,16.745,16.34,339.26K,-1.36%
02-11-2018,16.712,16.295,16.95,16.28,417.74K,3.55%
02-04-2018,16.139,16.61,16.955,16.13,503.83K,-3.41%
01/28/2018,16.709,17.42,17.47,16.52,494.17K,-4.20%
01/21/2018,17.441,17.045,17.705,16.735,481.34K,2.38%
01/14/2018,17.036,17.235,17.45,16.8,430.83K,-0.61%
01-07-2018,17.141,17.27,17.3,16.88,520.37K,-0.83%
01-01-2018,17.285,17.035,17.325,16.985,352.57K,0.00%
12/31/2017,17.285,17.035,17.325,16.985,352.57K,0.82%
12/25/2017,17.145,16.445,17.175,16.365,238.39K,0.00%
12/24/2017,17.145,16.36,17.175,16.36,138.33K,4.26%
12/17/2017,16.444,16.085,16.485,16.05,258.71K,2.37%
12-10-2017,16.063,15.845,16.18,15.635,338.53K,1.52%
12-03-2017,15.823,16.37,16.455,15.66,380.62K,-3.45%
11/26/2017,16.388,17.02,17.17,16.265,483.56K,-3.55%
11/19/2017,16.992,17.335,17.335,16.82,396.79K,-2.19%
11-12-2017,17.373,16.86,17.385,16.82,426.64K,2.98%
11-05-2017,16.871,16.835,17.27,16.785,479.54K,0.22%
10/29/2017,16.834,16.85,17.255,16.645,465.19K,0.49%
10/22/2017,16.752,17.035,17.17,16.6,465.37K,-1.91%
10/15/2017,17.078,17.425,17.495,16.92,442.69K,-1.91%
10-08-2017,17.411,16.85,17.45,16.765,348.80K,3.70%
10-01-2017,16.79,16.67,16.92,16.345,341.36K,0.68%
09/24/2017,16.676,17.03,17.295,16.64,402.42K,-1.81%
09/17/2017,16.984,17.655,17.675,16.865,377.84K,-4.05%
09-10-2017,17.701,17.92,18.125,17.63,384.65K,-2.33%
09-03-2017,18.123,17.88,18.29,17.835,349.64K,1.72%
08/27/2017,17.816,17.055,17.825,17.02,469.83K,4.50%
08/20/2017,17.049,16.935,17.18,16.715,485.30K,0.29%
08/13/2017,17,17.13,17.32,16.56,484.32K,-0.41%
08-06-2017,17.07,16.27,17.24,16.095,443.88K,5.03%
07/30/2017,16.252,16.745,16.96,16.17,351.62K,-2.65%
07/23/2017,16.695,16.5,16.81,16.225,325.51K,1.45%
07/16/2017,16.457,15.99,16.51,15.935,396.04K,3.29%
07-09-2017,15.933,15.58,16.07,15.145,486.44K,3.29%
07-02-2017,15.425,16.635,16.645,15.32,457.89K,-7.23%
06/25/2017,16.627,16.695,16.915,16.225,415.99K,-0.12%
06/18/2017,16.647,16.67,16.76,16.315,406.41K,-0.08%
06-11-2017,16.661,17.17,17.365,16.62,486.40K,-3.26%
06-04-2017,17.223,17.55,17.745,17.155,349.18K,-1.72%
05/28/2017,17.525,17.34,17.58,16.985,341.77K,1.17%
05/21/2017,17.323,16.87,17.38,16.84,379.26K,3.14%
05/14/2017,16.796,16.46,17.035,16.41,465.61K,2.40%
05-07-2017,16.402,16.31,16.475,16.06,330.62K,0.79%
04/30/2017,16.274,17.24,17.29,16.215,418.49K,-5.72%
04/23/2017,17.262,17.82,17.975,17.185,466.62K,-3.33%
04/16/2017,17.856,18.585,18.655,17.785,463.91K,-3.53%
04-09-2017,18.51,17.93,18.605,17.735,314.11K,1.98%
04-02-2017,18.151,18.265,18.49,17.865,340.40K,-0.58%
03/26/2017,18.256,17.805,18.315,17.78,307.11K,2.86%
03/19/2017,17.748,17.425,17.8,17.34,222.20K,1.92%
03-12-2017,17.413,17.05,17.585,16.825,287.19K,2.90%
03-05-2017,16.923,17.99,17.995,16.855,306.88K,-4.61%
02/26/2017,17.74,18.42,18.54,17.66,391.63K,-3.62%
02/19/2017,18.406,17.995,18.46,17.815,340.29K,2.09%
02-12-2017,18.03,17.94,18.14,17.73,336.78K,0.54%
02-05-2017,17.933,17.52,18.02,17.46,324.73K,2.60%
01/29/2017,17.479,17.17,17.745,17.08,325.92K,2.00%
01/22/2017,17.136,17.12,17.31,16.635,284.70K,0.61%
01/15/2017,17.032,16.845,17.36,16.745,292.55K,1.59%
01-08-2017,16.765,16.52,17.02,16.455,322.89K,1.49%
01-02-2017,16.519,15.97,16.76,15.935,269.37K,0.00%
01-01-2017,16.519,15.97,16.76,15.935,269.37K,3.31%
12/26/2016,15.989,15.805,16.345,15.755,151.31K,0.00%
12/25/2016,15.989,15.79,16.345,15.76,86.64K,1.46%
12/18/2016,15.759,16.12,16.265,15.675,208.83K,-2.81%
12-11-2016,16.215,16.915,17.29,15.925,325.41K,-4.43%
12-04-2016,16.967,16.94,17.3,16.545,259.78K,0.80%
11/27/2016,16.832,16.56,16.87,16.3,311.97K,2.20%
11/20/2016,16.47,16.6,16.885,16.15,291.97K,-0.93%
11/13/2016,16.624,17.39,17.49,16.43,412.17K,-4.36%
11-06-2016,17.382,18.27,19.005,17.17,586.60K,-5.38%
10/30/2016,18.371,17.8,18.75,17.755,357.25K,3.23%
10/23/2016,17.796,17.52,17.935,17.465,278.38K,1.73%
10/16/2016,17.493,17.45,17.79,17.36,219.67K,0.30%
10-09-2016,17.441,17.6,17.855,17.315,267.13K,0.35%
10-02-2016,17.38,19.26,19.385,17.115,394.42K,-9.55%
09/25/2016,19.214,19.79,19.825,18.975,298.67K,-3.01%
09/18/2016,19.81,18.845,20.145,18.84,291.94K,5.03%
09-11-2016,18.862,19.205,19.35,18.715,268.33K,-2.61%
09-04-2016,19.368,19.47,20.235,19.08,260.36K,0.01%
08/28/2016,19.366,18.61,19.535,18.37,262.31K,3.83%
08/21/2016,18.651,19.25,19.25,18.44,366.48K,-3.45%
08/14/2016,19.317,19.755,20.12,19.22,346.97K,-1.96%
08-07-2016,19.703,19.55,20.515,19.515,317.89K,-0.58%
07/31/2016,19.817,20.41,20.835,19.715,308.65K,-2.60%
07/24/2016,20.347,19.695,20.585,19.355,279.71K,3.34%
07/17/2016,19.689,20.235,20.295,19.27,254.71K,-2.36%
07-10-2016,20.165,20.4,20.76,19.955,330.55K,0.33%
07-03-2016,20.099,19.84,21.225,19.28,400.13K,2.61%
06/26/2016,19.588,17.79,19.98,17.55,369.65K,10.11%
06/19/2016,17.789,17.46,18.37,17.105,339.25K,2.17%
06-12-2016,17.411,17.33,17.88,17.105,310.58K,0.47%
06-05-2016,17.33,16.415,17.38,16.245,290.16K,5.90%
05/29/2016,16.365,16.22,16.47,15.83,224.23K,0.59%
05/22/2016,16.269,16.5,16.59,16.14,220.41K,-1.59%
05/15/2016,16.532,17.14,17.43,16.35,265.81K,-3.50%
05-08-2016,17.132,17.46,17.62,16.85,251.67K,-2.25%
05-01-2016,17.527,17.92,18.06,17.215,276.15K,-1.64%
04/24/2016,17.819,16.9,18.02,16.81,360.99K,5.44%
04/17/2016,16.9,16.295,17.72,16.13,476.90K,3.60%
04-10-2016,16.313,15.38,16.395,15.37,325.58K,6.04%
04-03-2016,15.384,15.025,15.39,14.895,213.35K,2.25%
03/27/2016,15.046,15.19,15.55,14.785,231.64K,-1.01%
03/20/2016,15.199,15.83,16.04,15.105,198.23K,-3.87%
03/13/2016,15.811,15.52,16.17,15.2,269.34K,1.32%
03-06-2016,15.605,15.575,15.83,15.165,254.13K,-0.57%
02/28/2016,15.694,14.755,15.84,14.61,261.84K,6.66%
02/21/2016,14.714,15.365,15.595,14.695,352.95K,-4.29%
02/14/2016,15.373,15.705,15.74,15.155,260.09K,-2.64%
02-07-2016,15.79,15,15.99,14.9,328.48K,6.85%
01/31/2016,14.778,14.255,15.065,14.2,240.82K,3.76%
01/24/2016,14.243,14.065,14.585,14.025,207.83K,1.32%
01/17/2016,14.057,13.92,14.36,13.84,180.78K,1.16%
01-10-2016,13.896,13.965,14.205,13.73,225.97K,-0.16%
01-03-2016,13.918,13.815,14.385,13.8,241.98K,0.83%
12/27/2015,13.803,14.365,14.425,13.75,101.13K,-4.01%
12/20/2015,14.379,14.11,14.4,14.045,106.57K,2.01%
12/13/2015,14.096,13.9,14.31,13.62,229.49K,1.53%
12-06-2015,13.884,14.59,14.64,13.75,193.29K,-4.43%
11/29/2015,14.528,14.045,14.61,13.805,201.32K,3.42%
11/22/2015,14.048,14.135,14.375,13.855,225.21K,-0.34%
11/15/2015,14.096,14.265,14.42,13.99,235.88K,-0.76%
11-08-2015,14.204,14.73,14.76,14.14,267.02K,-3.31%
11-01-2015,14.691,15.535,15.55,14.685,213.65K,-5.63%
10/25/2015,15.567,15.845,16.37,15.475,227.03K,-1.64%
10/18/2015,15.827,16.015,16.1,15.61,196.60K,-1.78%
10-11-2015,16.114,15.795,16.195,15.615,217.15K,1.87%
10-04-2015,15.818,15.25,16.115,15.1,267.23K,3.64%
09/27/2015,15.263,15.07,15.3,14.36,226.11K,1.01%
09/20/2015,15.111,15.165,15.245,14.685,170.51K,-0.34%
09/13/2015,15.163,14.555,15.435,14.24,186.89K,4.54%
09-06-2015,14.505,14.55,14.93,14.25,151.52K,-0.30%
08/30/2015,14.549,14.58,14.95,14.39,163.84K,0.00%
08/23/2015,14.549,15.345,15.39,13.91,343.91K,-4.91%
08/16/2015,15.301,15.225,15.715,14.68,267.47K,0.58%
08-09-2015,15.213,14.75,15.585,14.705,284.53K,2.64%
08-02-2015,14.821,14.75,14.99,14.345,202.51K,0.52%
07/26/2015,14.745,14.69,14.97,14.495,174.38K,1.77%
07/19/2015,14.488,14.83,14.98,14.33,206.54K,-2.33%
07-12-2015,14.834,15.555,15.9,14.795,159.02K,-4.18%
07-05-2015,15.481,15.63,15.82,14.62,269.41K,0.00%
07-02-2015,15.481,15.715,15.82,14.62,277.47K,-0.52%
06/28/2015,15.562,15.865,16.04,15.435,178.23K,-1.31%
06/21/2015,15.768,16.1,16.23,15.48,266.86K,-2.12%
06/14/2015,16.109,15.9,16.43,15.81,217.35K,1.79%
06-07-2015,15.825,16.04,16.19,15.77,224.33K,-0.99%
05/31/2015,15.984,16.695,17.17,15.925,268.90K,-4.29%
05/24/2015,16.701,17.05,17.18,16.54,146.28K,-2.05%
05/17/2015,17.051,17.535,17.775,16.87,186.30K,-2.92%
05-10-2015,17.563,16.415,17.585,16.12,261.16K,6.67%
05-03-2015,16.465,16.13,16.765,16.125,180.30K,2.05%
04/26/2015,16.135,15.73,16.73,15.68,287.72K,3.19%
04/19/2015,15.636,16.275,16.34,15.55,269.05K,-3.65%
04-12-2015,16.229,16.42,16.51,15.955,207.52K,-0.93%
04-05-2015,16.382,16.995,17.31,16.105,207.91K,-1.91%
03/29/2015,16.701,16.99,17.075,16.435,148.65K,-2.16%
03/22/2015,17.069,16.755,17.405,16.61,194.99K,1.10%
03/15/2015,16.883,15.63,16.89,15.36,200.86K,8.96%
03-08-2015,15.494,15.93,15.96,15.26,150.95K,-1.98%
03-01-2015,15.807,16.575,16.79,15.745,161.24K,-4.54%
02/22/2015,16.558,16.255,16.905,16.04,207.56K,1.75%
02/15/2015,16.273,17.325,17.4,16.16,220.32K,-5.90%
02-08-2015,17.294,16.785,17.43,16.605,207.44K,3.59%
02-01-2015,16.694,17.155,17.75,16.545,224.00K,-2.99%
01/25/2015,17.208,18.3,18.49,16.74,218.39K,-5.97%
01/18/2015,18.3,17.84,18.505,17.63,196.73K,3.10%
01-11-2015,17.75,16.495,17.865,16.43,263.28K,8.11%
01-04-2015,16.419,15.795,16.74,15.63,187.43K,4.13%
12/28/2014,15.768,16.08,16.48,15.51,121.74K,-2.35%
12/21/2014,16.147,16.15,16.305,15.53,85.72K,0.73%
12/14/2014,16.03,17.05,17.08,15.54,221.13K,-6.02%
12-07-2014,17.057,16.25,17.355,16.165,202.76K,4.91%
11/30/2014,16.258,15.39,16.81,14.155,289.01K,4.51%
11/23/2014,15.556,16.365,16.69,15.41,224.74K,-5.12%
11/16/2014,16.395,16.305,16.6,15.87,309.99K,0.50%
11-09-2014,16.314,15.8,16.38,15.25,262.01K,3.82%
11-02-2014,15.714,16.11,16.22,15.04,282.78K,-2.43%
10/26/2014,16.106,17.185,17.4,15.635,250.10K,-6.26%
10/19/2014,17.182,17.335,17.655,17.035,154.44K,-0.86%
10-12-2014,17.331,17.36,17.82,17.02,184.33K,0.16%
10-05-2014,17.303,16.805,17.72,16.66,213.97K,2.83%
09/28/2014,16.826,17.575,17.635,16.64,232.71K,-4.05%
09/21/2014,17.537,17.855,17.99,17.27,270.27K,-1.72%
09/14/2014,17.844,18.61,18.885,17.78,211.72K,-4.10%
09-07-2014,18.606,19.19,19.345,18.455,197.78K,-2.87%
08/31/2014,19.156,19.495,19.565,19.02,149.38K,-1.72%
08/24/2014,19.492,19.415,19.95,19.285,205.75K,0.55%
08/17/2014,19.386,19.58,19.7,19.285,189.50K,-0.71%
08-10-2014,19.525,19.92,20.155,19.505,215.77K,-2.09%
08-03-2014,19.941,20.335,20.48,19.76,235.55K,-2.11%
07/27/2014,20.371,20.715,20.845,20.245,186.87K,-1.28%
07/20/2014,20.636,20.93,21.165,20.35,181.62K,-1.20%
07/13/2014,20.886,21.485,21.53,20.63,225.76K,-2.68%
07-06-2014,21.461,21.18,21.63,20.865,201.44K,0.00%
07-03-2014,21.461,21.2,21.63,20.865,201.44K,1.53%
06/29/2014,21.137,21.06,21.335,20.805,179.17K,0.01%
06/22/2014,21.134,20.865,21.25,20.705,305.94K,0.88%
06/15/2014,20.949,19.67,20.99,19.435,311.80K,6.58%
06-08-2014,19.655,19.02,19.72,18.97,226.67K,3.50%
06-01-2014,18.991,18.795,19.2,18.65,174.95K,1.65%
05/25/2014,18.682,19.44,19.5,18.615,181.71K,-3.79%
05/18/2014,19.418,19.37,19.825,19.225,166.08K,0.46%
05-11-2014,19.329,19.155,20.005,19.045,191.47K,1.09%
05-04-2014,19.121,19.545,19.77,19.045,165.07K,-2.17%
04/27/2014,19.546,19.73,19.755,18.685,230.66K,-0.74%
04/20/2014,19.691,19.6,19.91,18.93,270.21K,0.48%
04/13/2014,19.596,20.035,20.14,19.22,179.11K,-1.75%
04-06-2014,19.946,19.995,20.4,19.6,233.57K,0.00%
03/30/2014,19.946,19.855,20.23,19.635,183.92K,0.79%
03/23/2014,19.79,20.29,20.315,19.575,190.44K,-2.56%
03/16/2014,20.31,21.49,21.65,20.14,208.56K,-5.15%
03-09-2014,21.413,20.93,21.795,20.61,238.16K,2.32%
03-02-2014,20.928,21.325,21.74,20.755,209.70K,-1.47%
02/23/2014,21.241,21.92,22.18,21.025,308.30K,-2.48%
02/16/2014,21.782,21.48,21.98,21.315,274.46K,1.69%
02-09-2014,21.421,19.97,21.49,19.915,282.34K,7.45%
02-02-2014,19.936,19.095,20.335,19.06,194.04K,4.27%
01/26/2014,19.12,19.97,20.09,18.97,195.58K,-3.26%
01/19/2014,19.765,20.3,20.435,19.645,156.53K,-2.65%
01-12-2014,20.304,20.19,20.67,19.905,175.27K,0.40%
01-05-2014,20.223,20.135,20.355,19.31,207.83K,0.06%
12/29/2013,20.211,20.08,20.44,18.72,147.28K,0.81%
12/22/2013,20.049,19.42,20.105,19.265,72.31K,3.06%
12/15/2013,19.453,19.655,20.29,19.1,205.84K,-0.77%
12-08-2013,19.604,19.555,20.48,19.28,191.93K,0.41%
12-01-2013,19.523,19.99,20.01,18.89,224.60K,-2.55%
11/24/2013,20.033,19.83,20.3,19.57,170.09K,0.86%
11/17/2013,19.862,20.775,20.8,19.705,257.89K,-4.17%
11-10-2013,20.727,21.425,21.45,20.41,236.48K,-2.77%
11-03-2013,21.317,21.87,22.075,21.25,187.75K,-2.38%
10/27/2013,21.837,22.59,23.095,21.705,201.65K,-3.54%
10/20/2013,22.639,21.91,22.91,21.855,173.98K,3.31%
10/13/2013,21.913,21.39,22.2,20.495,204.63K,3.08%
10-06-2013,21.259,21.74,22.525,20.95,185.54K,-2.27%
09/29/2013,21.752,21.795,22.11,20.63,180.31K,-0.36%
09/22/2013,21.831,21.89,22.175,21.3,202.13K,-0.44%
09/15/2013,21.927,22.3,23.445,21.225,258.19K,0.95%
09-08-2013,21.72,23.835,24.25,21.42,200.77K,-9.09%
09-01-2013,23.891,23.48,24.53,23.04,199.64K,1.61%
08/25/2013,23.513,24.02,25.12,23.41,363.03K,-0.95%
08/18/2013,23.738,23.25,24.11,22.28,280.50K,1.78%
08-11-2013,23.322,20.68,23.4,20.62,341.70K,14.28%
08-04-2013,20.407,19.85,20.58,19.1,215.23K,2.49%
07/28/2013,19.912,19.92,20.265,19.185,210.30K,0.71%
07/21/2013,19.771,19.495,20.595,19.495,199.29K,1.60%
07/14/2013,19.46,19.865,20.18,19.215,171.21K,-1.68%
07-07-2013,19.792,18.855,20.25,18.67,180.18K,5.64%
06/30/2013,18.736,19.5,20.075,18.665,174.88K,-3.77%
06/23/2013,19.47,20.055,20.175,18.17,354.74K,-2.45%
06/16/2013,19.959,22.05,22.055,19.31,292.76K,-9.09%
06-09-2013,21.954,21.565,22.5,21.33,210.58K,0.97%
06-02-2013,21.743,22.175,22.915,21.51,245.16K,-2.25%
05/26/2013,22.243,22.36,23.06,22.1,169.92K,-1.12%
05/19/2013,22.496,22.265,23.29,20.25,283.71K,0.64%
05-12-2013,22.352,23.78,23.84,22.06,220.52K,-5.52%
05-05-2013,23.658,24.15,24.42,23.15,189.51K,-1.48%
04/28/2013,24.014,24.025,24.58,23.21,230.79K,0.95%
04/21/2013,23.788,23.305,24.835,22.555,339.19K,3.61%
04/14/2013,22.96,25.94,26.045,22,504.95K,-12.80%
04-07-2013,26.331,27.285,28.02,25.725,279.07K,-3.27%
03/31/2013,27.22,28.21,28.36,26.575,252.39K,-3.89%
03/24/2013,28.323,28.68,28.89,28.08,140.72K,-1.31%
03/17/2013,28.698,28.85,29.325,28.4,169.58K,-0.53%
03-10-2013,28.851,28.985,29.35,28.53,145.00K,-0.34%
03-03-2013,28.948,28.68,29.26,28.325,179.60K,1.61%
02/24/2013,28.49,28.785,29.44,27.925,283.54K,0.11%
02/17/2013,28.46,29.81,30.15,28.255,290.31K,-4.65%
02-10-2013,29.849,31.45,31.535,29.66,230.65K,-5.06%
02-03-2013,31.441,31.875,32.115,31.295,197.56K,-1.62%
01/27/2013,31.958,31.16,32.3,30.745,236.44K,2.41%
01/20/2013,31.206,31.925,32.485,31.125,171.04K,-2.27%
01/13/2013,31.932,30.42,32.14,30.38,203.95K,5.01%
01-06-2013,30.408,30.235,30.95,29.86,197.58K,1.54%
12/30/2012,29.946,30.08,31.535,29.24,160.22K,-0.10%
12/23/2012,29.975,30.02,30.53,29.715,78.23K,-0.75%
12/16/2012,30.203,32.4,32.6,29.635,237.34K,-6.49%
12-09-2012,32.299,33.125,33.875,32.245,187.26K,-2.51%
12-02-2012,33.131,33.495,33.93,32.585,199.24K,-0.44%
11/25/2012,33.279,34.075,34.49,32.9,333.64K,-2.45%
11/18/2012,34.116,32.285,34.16,32.285,175.21K,5.39%
11-11-2012,32.37,32.65,32.93,32.015,220.87K,-0.70%
11-04-2012,32.599,30.89,32.785,30.655,242.82K,5.65%
10/28/2012,30.857,32.115,32.695,30.815,153.42K,-3.68%
10/21/2012,32.036,31.99,32.5,31.535,179.76K,-0.19%
10/14/2012,32.097,33.455,33.47,31.945,175.57K,-4.67%
10-07-2012,33.669,34.57,34.605,33.45,181.25K,-2.61%
09/30/2012,34.572,34.53,35.445,34.21,202.31K,-0.01%
09/23/2012,34.577,34.52,34.925,33.36,237.68K,-0.18%
09/16/2012,34.638,34.625,35.26,33.845,257.77K,-0.05%
09-09-2012,34.656,33.71,34.985,32.51,283.96K,2.87%
09-02-2012,33.69,31.735,33.775,31.575,202.50K,7.15%
08/26/2012,31.442,30.77,31.815,30.265,251.86K,2.68%
08/19/2012,30.621,28.055,30.79,27.875,229.47K,9.35%
08-12-2012,28.002,28.09,28.29,27.43,145.91K,-0.21%
08-05-2012,28.062,27.77,28.315,27.53,152.43K,0.94%
07/29/2012,27.801,27.685,28.335,26.88,191.40K,1.10%
07/22/2012,27.498,27.2,27.85,26.575,194.43K,0.72%
07/15/2012,27.302,27.4,27.595,26.72,159.50K,-0.24%
07-08-2012,27.369,27.035,27.58,26.425,159.12K,1.67%
07-01-2012,26.92,27.5,28.445,26.905,140.72K,-2.51%
06/24/2012,27.612,26.82,27.915,26.105,298.44K,3.57%
06/17/2012,26.661,28.99,29.01,26.51,250.43K,-7.23%
06-10-2012,28.74,28.74,29.095,28.15,185.02K,0.94%
06-03-2012,28.471,28.68,29.865,27.91,246.72K,-0.14%
05/27/2012,28.512,28.595,28.76,27.17,213.17K,0.44%
05/20/2012,28.386,28.685,28.855,27.08,215.32K,-1.15%
05/13/2012,28.715,28.88,29,26.73,229.41K,-0.61%
05-06-2012,28.89,30.31,30.39,28.415,189.36K,-5.07%
04/29/2012,30.432,31.33,31.445,29.78,181.06K,-3.12%
04/22/2012,31.411,31.64,31.685,29.925,256.57K,-0.76%
04/15/2012,31.651,31.445,32.015,31.175,200.02K,0.83%
04-08-2012,31.39,31.9,32.58,31.11,219.57K,-1.07%
04-01-2012,31.73,32.355,33.295,30.98,187.21K,-2.32%
03/25/2012,32.484,32.255,33.19,31.63,167.01K,0.66%
03/18/2012,32.272,32.575,33.09,31.09,199.85K,-1.02%
03-11-2012,32.604,34.29,34.41,31.625,248.21K,-4.70%
03-04-2012,34.212,34.71,34.95,32.49,259.80K,-0.91%
02/26/2012,34.525,35.43,37.58,33.825,350.21K,-2.30%
02/19/2012,35.338,33.33,35.72,33.325,255.72K,6.39%
02-12-2012,33.216,33.665,34.035,32.64,222.96K,-1.15%
02-05-2012,33.604,33.665,34.52,32.985,238.52K,-0.43%
01/29/2012,33.749,33.85,34.41,32.93,216.19K,-0.12%
01/22/2012,33.79,32.105,33.965,31.525,193.19K,6.68%
01/15/2012,31.675,29.67,32.21,29.455,157.32K,7.29%
01-08-2012,29.522,28.77,30.675,28.55,178.45K,2.93%
01-02-2012,28.683,27.98,29.74,27.905,149.85K,0.00%
01-01-2012,28.683,27.98,29.74,27.905,149.85K,2.75%
12/26/2011,27.915,29.1,29.22,26.145,105.91K,0.00%
12/25/2011,27.915,28.735,28.94,26.145,62.15K,-4.02%
12/18/2011,29.084,29.77,30.21,28.68,131.05K,-1.98%
12-11-2011,29.671,32.25,32.3,28.12,232.38K,-8.01%
12-04-2011,32.253,32.67,33.3,31.425,181.17K,-1.32%
11/27/2011,32.686,31.26,33.74,31.12,191.46K,5.39%
11/20/2011,31.014,32.4,33.04,30.65,224.94K,-4.33%
11/13/2011,32.417,34.715,34.92,30.925,257.32K,-6.53%
11-06-2011,34.682,34.084,35.35,33.13,216.88K,1.75%
10/30/2011,34.084,35.205,35.45,32.105,191.57K,-3.41%
10/23/2011,35.288,31.39,35.7,31.23,206.90K,13.13%
10/16/2011,31.193,32.22,32.675,29.935,228.88K,-3.05%
10-09-2011,32.173,31.34,33.1,31.21,154.42K,3.81%
10-02-2011,30.993,29.935,32.85,28.435,235.21K,3.02%
09/25/2011,30.083,30.85,33.585,26.15,348.10K,-0.06%
09/18/2011,30.101,40.675,40.9,29.845,338.16K,-26.28%
09-11-2011,40.831,41.49,41.6,39.4,203.04K,-1.91%
09-04-2011,41.624,42.99,43.445,40.385,183.98K,-3.36%
08/28/2011,43.069,41.74,43.5,40.29,194.23K,5.17%
08/21/2011,40.952,43.575,44.275,38.76,438.77K,-3.49%
08/14/2011,42.432,39.075,42.97,38.69,237.55K,8.48%
08-07-2011,39.114,38.825,40.4,37.025,315.63K,2.36%
07/31/2011,38.211,39.645,42.295,37.555,363.08K,-4.72%
07/24/2011,40.106,40.35,41.465,39.3,291.71K,-0.04%
07/17/2011,40.122,39.35,40.88,38.215,339.52K,2.69%
07-10-2011,39.071,36.725,39.395,34.81,337.12K,6.92%
07-03-2011,36.543,33.92,36.895,33.795,213.09K,8.42%
06/26/2011,33.705,34.3,35.16,33.38,285.82K,-2.69%
06/19/2011,34.638,35.99,36.77,34.145,332.23K,-3.11%
06-12-2011,35.748,36.19,36.35,34.4,309.94K,-1.59%
06-05-2011,36.327,36.24,37.86,36.065,277.07K,0.38%
05/29/2011,36.191,37.995,38.765,35.065,300.87K,-4.42%
05/22/2011,37.863,35.015,38.845,34.34,326.24K,7.91%
05/15/2011,35.087,35.245,35.75,32.96,368.46K,0.21%
05-08-2011,35.013,35.69,39.47,32.3,587.67K,-0.78%
05-01-2011,35.287,48.09,48.19,33.035,875.88K,-27.39%
04/24/2011,48.599,47.25,49.82,44.61,843.79K,5.51%
04/17/2011,46.059,43.035,46.69,42.2,537.80K,8.19%
04-10-2011,42.571,41,43.05,39.705,534.44K,4.83%
04-03-2011,40.608,37.845,40.96,37.81,330.64K,7.62%
03/27/2011,37.732,37.34,37.98,36.435,314.08K,1.84%
03/20/2011,37.049,35.355,38.18,35.355,334.56K,5.68%
03/13/2011,35.058,35.935,36.505,33.565,356.75K,-2.44%
03-06-2011,35.935,35.64,36.745,34.05,392.08K,1.72%
02/27/2011,35.327,33.345,35.67,33.255,290.43K,7.30%
02/20/2011,32.923,32.65,34.33,31.695,369.11K,1.94%
02/13/2011,32.296,29.885,32.87,29.79,335.93K,7.67%
02-06-2011,29.995,29.175,30.5,29.005,291.29K,3.22%
01/30/2011,29.059,27.96,29.285,27.52,283.25K,4.08%
01/23/2011,27.919,27.5,28.03,26.3,315.13K,1.79%
01/16/2011,27.427,28.425,29.49,27.08,290.75K,-3.15%
01-09-2011,28.32,28.75,29.845,28.1,291.63K,-1.22%
01-02-2011,28.671,30.93,31.275,28.325,353.09K,-7.32%
12/26/2010,30.937,29.16,30.975,28.81,128.01K,5.49%
12/19/2010,29.328,29.385,29.605,28.81,139.38K,0.67%
12-12-2010,29.133,28.66,29.985,28.35,285.20K,1.85%
12-05-2010,28.605,29.55,30.75,28.01,408.22K,-2.28%
11/28/2010,29.271,26.785,29.49,26.525,354.46K,9.33%
11/21/2010,26.772,27.59,27.895,26.475,284.06K,-1.50%
11/14/2010,27.179,26.025,27.4,24.98,411.34K,4.77%
11-07-2010,25.942,26.86,29.34,25.76,599.40K,-3.01%
10/31/2010,26.748,24.75,26.915,23.935,337.37K,8.89%
10/24/2010,24.564,23.3,24.75,23.165,283.19K,6.25%
10/17/2010,23.118,24.305,24.515,22.84,312.38K,-4.82%
10-10-2010,24.288,23.41,24.95,22.945,290.58K,5.12%
10-03-2010,23.105,22.125,23.53,21.81,283.72K,4.74%
09/26/2010,22.06,21.46,22.17,21.06,208.00K,3.09%
09/19/2010,21.399,20.78,21.49,20.515,159.63K,2.80%
09-12-2010,20.816,19.895,21.025,19.82,158.76K,4.89%
09-05-2010,19.845,19.94,20.18,19.585,128.23K,-0.52%
08/29/2010,19.949,19.1,19.985,18.86,130.85K,4.59%
08/22/2010,19.074,18.01,19.375,17.735,212.96K,6.02%
08/15/2010,17.991,18.12,18.62,17.845,170.50K,-0.65%
08-08-2010,18.109,18.5,18.575,17.795,130.72K,-1.97%
08-01-2010,18.472,18,18.7,17.975,135.86K,2.61%
07/25/2010,18.003,18.1,18.27,17.325,149.96K,-0.54%
07/18/2010,18.101,17.84,18.28,17.44,136.09K,1.76%
07-11-2010,17.788,18.11,18.535,17.73,118.53K,-1.58%
07-04-2010,18.073,17.87,18.235,17.565,93.31K,2.00%
06/27/2010,17.719,19.085,19.23,17.635,169.55K,-7.28%
06/20/2010,19.11,19.2,19.46,18.17,207.82K,-0.39%
06/13/2010,19.184,18.25,19.275,18.2,142.59K,5.23%
06-06-2010,18.231,17.46,18.535,17.195,183.81K,5.39%
05/30/2010,17.299,18.41,18.735,17.285,126.73K,-6.10%
05/23/2010,18.422,17.655,18.645,17.53,149.33K,4.37%
05/16/2010,17.651,19.33,19.445,17.41,216.23K,-8.19%
05-09-2010,19.225,18.575,19.845,18.215,215.21K,4.19%
05-02-2010,18.451,18.685,18.89,17.08,244.47K,-1.01%
04/25/2010,18.639,18.35,18.79,17.82,191.66K,2.46%
04/18/2010,18.192,17.695,18.35,17.49,178.88K,2.93%
04-11-2010,17.675,18.48,18.605,17.61,187.34K,-3.68%
04-04-2010,18.351,17.845,18.445,17.81,148.64K,2.58%
03/28/2010,17.89,16.98,18,16.935,113.59K,5.82%
03/21/2010,16.906,17.01,17.15,16.55,144.07K,-0.74%
03/14/2010,17.032,17.065,17.6,16.965,129.05K,-0.09%
03-07-2010,17.048,17.39,17.665,16.835,162.58K,-1.92%
02/28/2010,17.382,16.525,17.515,16.33,147.48K,5.21%
02/21/2010,16.521,16.37,16.565,15.62,204.10K,0.66%
02/14/2010,16.413,15.57,16.51,15.45,167.68K,6.25%
02-07-2010,15.447,15.16,15.74,14.95,196.06K,4.16%
01/31/2010,14.83,16.17,16.95,14.65,226.82K,-8.40%
01/24/2010,16.19,17.05,17.275,16.015,187.61K,-4.38%
01/17/2010,16.932,18.41,18.88,16.88,187.31K,-8.11%
01-10-2010,18.427,18.51,18.925,18.16,146.16K,-0.23%
01-03-2010,18.47,16.94,18.525,16.85,162.62K,9.65%
12/27/2009,16.845,17.55,17.69,16.765,64.02K,-3.41%
12/20/2009,17.44,17.3,17.545,16.78,79.09K,0.69%
12/13/2009,17.32,17.14,17.81,17.095,129.03K,1.35%
12-06-2009,17.09,18.48,18.585,16.9,186.37K,-7.72%
11/29/2009,18.52,18.355,19.5,18.135,190.96K,1.01%
11/22/2009,18.335,18.525,18.95,17.72,205.18K,-0.57%
11/15/2009,18.44,17.49,18.855,17.475,238.37K,6.10%
11-08-2009,17.38,17.445,17.78,17.025,182.36K,0.03%
11-01-2009,17.375,16.285,17.635,16.245,196.44K,6.89%
10/25/2009,16.255,17.71,17.8,16.12,214.61K,-8.28%
10/18/2009,17.723,17.485,17.97,17.27,144.35K,1.74%
10-11-2009,17.42,17.735,18.175,17.21,145.72K,-1.53%
10-04-2009,17.69,16.2,17.955,16.035,156.09K,9.00%
09/27/2009,16.23,16.115,16.785,15.76,134.82K,1.06%
09/20/2009,16.06,16.95,17.345,15.955,152.34K,-5.89%
09/13/2009,17.065,16.785,17.69,16.32,132.23K,2.19%
09-06-2009,16.7,16.375,17.015,16.06,121.12K,2.55%
08/30/2009,16.285,14.775,16.405,14.55,146.57K,9.92%
08/23/2009,14.815,14.2,14.9,14.045,146.37K,4.60%
08/16/2009,14.164,14.73,14.73,13.495,143.81K,-3.79%
08-09-2009,14.722,14.56,15.185,14.125,134.08K,0.37%
08-02-2009,14.668,13.9,15.035,13.885,152.30K,5.22%
07/26/2009,13.94,13.89,14.095,13.165,105.16K,0.47%
07/19/2009,13.875,13.405,13.9,13.34,81.09K,3.52%
07-12-2009,13.403,12.66,13.47,12.435,90.96K,5.99%
07-05-2009,12.645,13.38,13.48,12.51,99.67K,0.00%
07-02-2009,12.645,13.425,13.45,12.51,99.67K,-5.69%
06/28/2009,13.408,14.1,14.15,13.29,80.51K,-5.28%
06/21/2009,14.156,13.8,14.335,13.595,150.99K,-0.31%
06/14/2009,14.2,14.85,14.875,13.93,123.02K,-4.54%
06-07-2009,14.875,15.25,15.54,14.735,151.89K,-3.33%
05/31/2009,15.388,15.765,16.25,15.065,165.27K,-1.42%
05/24/2009,15.61,14.72,15.795,14.31,96.33K,6.23%
05/17/2009,14.695,13.98,14.86,13.63,86.99K,4.89%
05-10-2009,14.01,14.01,14.37,13.68,74.66K,0.39%
05-03-2009,13.955,12.5,14.15,12.44,101.34K,11.64%
04/26/2009,12.5,12.895,13.24,12.025,106.58K,-3.25%
04/19/2009,12.92,11.855,12.94,11.725,107.14K,9.58%
04-12-2009,11.79,12.365,12.92,11.775,82.29K,-4.38%
04-05-2009,12.33,12.8,12.8,12.02,71.78K,-3.18%
03/29/2009,12.735,13.27,13.35,12.56,89.68K,-3.98%
03/22/2009,13.263,13.74,13.885,12.955,77.39K,-4.17%
03/15/2009,13.84,13.2,13.86,11.89,103.02K,4.73%
03-08-2009,13.215,13.335,13.385,12.465,75.46K,-0.89%
03-01-2009,13.333,13.1,13.52,12.43,88.47K,1.70%
02/22/2009,13.11,14.38,14.6,12.825,185.29K,-9.52%
02/15/2009,14.49,13.55,14.58,13.48,98.20K,6.35%
02-08-2009,13.625,13.115,13.72,12.725,101.54K,3.53%
02-01-2009,13.16,12.61,13.18,12.135,84.87K,4.74%
01/25/2009,12.565,11.945,12.66,11.635,94.87K,5.23%
01/18/2009,11.94,11.3,12.075,10.92,77.71K,6.46%
01-11-2009,11.215,11.27,11.305,10.32,91.93K,-0.93%
01-04-2009,11.32,11.585,11.77,10.57,98.99K,-1.48%
12/28/2008,11.49,10.73,11.6,10.65,41.47K,9.12%
12/21/2008,10.53,10.885,11.09,10.105,25.41K,-2.95%
12/14/2008,10.85,10.295,11.615,10.255,83.59K,6.06%
12-07-2008,10.23,9.5,10.54,9.48,77.50K,8.48%
11/30/2008,9.43,10.315,10.32,9.125,81.92K,-7.82%
11/23/2008,10.23,9.635,10.68,9.46,104.63K,7.91%
11/16/2008,9.48,9.42,9.85,8.805,124.99K,-0.11%
11-09-2008,9.49,10.065,10.535,8.77,110.03K,-4.75%
11-02-2008,9.963,9.84,10.8,9.6,104.08K,2.39%
10/26/2008,9.73,9.355,10.645,8.4,103.78K,4.68%
10/19/2008,9.295,9.35,10.18,8.65,117.17K,-0.43%
10-12-2008,9.335,10.27,11.195,9.09,115.94K,-11.93%
10-05-2008,10.6,11.155,12.355,9.4,125.82K,-6.40%
09/28/2008,11.325,13.3,13.46,10.84,146.03K,-16.13%
09/21/2008,13.503,12.645,13.88,12.54,144.23K,8.24%
09/14/2008,12.475,11.03,13.065,10.42,212.49K,15.56%
09-07-2008,10.795,12.525,12.795,10.31,180.07K,-12.41%
08/31/2008,12.325,13.875,13.9,12.12,125.58K,-10.08%
08/24/2008,13.707,13.36,14.13,12.96,148.13K,1.71%
08/17/2008,13.477,12.915,13.935,12.4,146.97K,5.17%
08-10-2008,12.815,15.315,15.435,12.2,225.32K,-16.41%
08-03-2008,15.33,17.54,17.65,15.24,162.11K,-12.50%
07/27/2008,17.52,17.445,17.95,16.845,132.85K,0.83%
07/20/2008,17.375,18.215,18.76,17.045,140.40K,-4.53%
07/13/2008,18.2,18.945,19.55,18.105,174.67K,-3.29%
07-06-2008,18.82,18.22,18.98,17.55,135.08K,3.41%
06/29/2008,18.2,17.67,18.585,17.29,143.30K,2.77%
06/22/2008,17.71,17.39,17.76,16.46,201.97K,1.80%
06/15/2008,17.397,16.575,17.75,16.4,145.15K,5.05%
06-08-2008,16.56,17.57,17.67,16.25,134.79K,-4.99%
06-01-2008,17.43,16.88,17.585,16.465,135.24K,3.35%
05/25/2008,16.865,18.275,18.375,16.45,151.44K,-7.79%
05/18/2008,18.29,17.07,18.34,16.87,132.76K,7.84%
05-11-2008,16.96,16.9,17.37,16.55,119.39K,0.30%
05-04-2008,16.91,16.47,17.135,16.465,100.99K,2.70%
04/27/2008,16.465,16.845,17.14,16.055,143.84K,-2.28%
04/20/2008,16.85,17.895,17.975,16.39,179.17K,-5.44%
04/13/2008,17.82,17.7,18.77,17.26,139.07K,0.73%
04-06-2008,17.69,17.785,18.44,17.4,143.43K,-0.37%
03/30/2008,17.755,17.91,18.22,16.33,162.00K,-1.03%
03/23/2008,17.94,17,18.685,16.815,148.74K,6.47%
03/16/2008,16.85,20.78,21.44,16.725,202.90K,-18.42%
03-09-2008,20.655,20.26,20.98,19.28,170.12K,2.00%
03-02-2008,20.25,19.92,21.325,19.48,244.73K,1.68%
02/24/2008,19.915,18.055,20.055,17.88,256.34K,10.42%
02/17/2008,18.035,17.095,18.195,16.965,142.07K,5.36%
02-10-2008,17.118,17.23,17.65,16.95,162.18K,0.05%
02-03-2008,17.11,16.87,17.26,16.23,137.05K,1.42%
01/27/2008,16.87,16.53,17.345,16.415,130.45K,2.30%
01/20/2008,16.49,16.22,16.68,15.255,148.00K,1.70%
01/13/2008,16.215,16.385,16.715,15.715,171.94K,-0.95%
01-06-2008,16.37,15.4,16.415,15.2,151.64K,5.87%
12/30/2007,15.462,14.895,15.57,14.81,86.03K,3.81%
12/23/2007,14.895,14.51,14.99,14.455,40.89K,2.81%
12/16/2007,14.488,13.975,14.58,13.74,74.27K,3.61%
12-09-2007,13.983,14.545,14.975,13.87,118.76K,-3.60%
12-02-2007,14.505,14.155,14.72,13.96,100.44K,2.40%
11/25/2007,14.165,14.795,15.02,13.965,190.88K,-3.87%
11/18/2007,14.735,14.52,14.905,14.1,163.37K,1.55%
11-11-2007,14.51,15.47,15.5,14.31,172.35K,-6.66%
11-04-2007,15.545,14.705,16.275,14.46,226.31K,6.48%
10/28/2007,14.599,14.48,14.735,13.98,149.81K,2.23%
10/21/2007,14.28,13.64,14.32,13.325,115.06K,4.73%
10/14/2007,13.635,13.915,14.12,13.365,131.70K,-1.93%
10-07-2007,13.903,13.52,14.03,13.25,85.12K,3.06%
09/30/2007,13.49,13.935,13.99,13.15,115.97K,-3.09%
09/23/2007,13.92,13.65,14,13.325,112.95K,2.20%
09/16/2007,13.62,12.68,13.8,12.675,132.35K,7.20%
09-09-2007,12.705,12.69,12.95,12.49,101.79K,-0.43%
09-02-2007,12.76,12.26,12.845,12.16,102.72K,4.33%
08/26/2007,12.23,11.95,12.275,11.675,110.97K,2.43%
08/19/2007,11.94,11.795,12.005,11.455,122.92K,1.19%
08-12-2007,11.8,12.87,12.92,11.06,123.15K,-8.31%
08-05-2007,12.87,13.14,13.25,12.605,121.96K,-2.19%
07/29/2007,13.158,12.7,13.2,12.685,81.00K,3.48%
07/22/2007,12.715,13.4,13.59,12.65,107.49K,-5.13%
07/15/2007,13.403,13.11,13.5,12.925,75.80K,2.23%
07-08-2007,13.11,12.79,13.235,12.765,80.03K,2.77%
07-01-2007,12.757,12.51,12.865,12.42,79.24K,2.28%
06/24/2007,12.473,13.03,13.07,12.125,172.49K,-4.20%
06/17/2007,13.02,13.25,13.415,12.965,102.06K,-1.81%
06-10-2007,13.26,13.125,13.295,12.845,90.10K,1.69%
06-03-2007,13.04,13.73,13.87,12.97,118.24K,-5.09%
05/27/2007,13.74,12.99,13.765,12.955,78.81K,5.69%
05/20/2007,13,13.015,13.2,12.835,62.80K,-0.02%
05/13/2007,13.003,13.31,13.36,12.76,88.84K,-2.27%
05-06-2007,13.305,13.55,13.695,13.025,89.50K,-1.66%
04/29/2007,13.53,13.665,13.705,13.13,95.14K,-0.33%
04/22/2007,13.575,13.955,14.11,13.175,160.28K,-2.72%
04/15/2007,13.955,14.09,14.16,13.55,100.51K,-0.96%
04-08-2007,14.09,13.715,14.17,13.675,104.40K,2.55%
04-01-2007,13.74,13.46,13.77,13.02,83.38K,2.16%
03/25/2007,13.45,13.23,13.545,13.18,73.33K,1.69%
03/18/2007,13.227,13.175,13.575,13.115,74.33K,0.09%
03-11-2007,13.215,13.005,13.27,12.675,85.46K,1.89%
03-04-2007,12.97,13.035,13.235,12.49,114.78K,0.08%
02/25/2007,12.96,14.585,14.86,12.8,174.79K,-11.20%
02/18/2007,14.595,14,14.66,13.68,139.48K,4.32%
02-11-2007,13.99,13.98,14.13,13.515,98.33K,0.54%
02-04-2007,13.915,13.44,13.97,13.33,81.57K,4.04%
01/28/2007,13.375,13.435,13.835,13.11,89.01K,0.00%
01/21/2007,13.375,12.925,13.6,12.83,86.58K,3.52%
01/14/2007,12.92,12.905,13.045,12.43,60.33K,0.31%
01-07-2007,12.88,12.22,12.96,12.095,69.31K,5.31%
12/31/2006,12.23,12.965,13.285,12.1,73.40K,-5.45%
12/24/2006,12.935,12.705,13.015,12.705,29.04K,2.37%
12/17/2006,12.635,13,13.145,12.4,79.01K,-2.66%
12-10-2006,12.98,13.85,14.06,12.905,64.36K,-6.59%
12-03-2006,13.895,14.2,14.37,13.61,71.88K,-2.08%
11/26/2006,14.19,13.065,14.25,13.045,86.25K,8.82%
11/19/2006,13.04,12.82,13.25,12.725,45.08K,1.87%
11-12-2006,12.8,13.07,13.17,12.5,66.37K,-2.40%
11-05-2006,13.115,12.65,13.22,12.44,62.48K,3.80%
10/29/2006,12.635,12.095,12.73,11.98,57.44K,4.59%
10/22/2006,12.08,11.925,12.28,11.35,53.96K,0.96%
10/15/2006,11.965,11.69,12.17,11.63,52.29K,2.44%
10-08-2006,11.68,11.21,11.725,11.13,38.53K,4.52%
10-01-2006,11.175,11.54,11.835,10.65,48.53K,-3.16%
09/24/2006,11.54,11.305,11.86,11.13,47.71K,2.03%
09/17/2006,11.31,10.88,11.55,10.815,50.95K,4.00%
09-10-2006,10.875,12.27,12.32,10.55,83.71K,-11.55%
09-03-2006,12.295,13.09,13.37,12.09,67.30K,-5.93%
08/27/2006,13.07,12.415,13.1,11.85,89.61K,5.66%
08/20/2006,12.37,12.1,12.68,12.03,68.93K,2.83%
08/13/2006,12.03,11.9,12.44,11.75,51.22K,1.22%
08-06-2006,11.885,12.45,12.7,11.77,68.58K,-4.81%
07/30/2006,12.485,11.43,12.65,11.25,73.48K,9.85%
07/23/2006,11.365,10.845,11.52,10.68,48.53K,4.79%
07/16/2006,10.845,11.535,11.775,10.465,72.39K,-5.94%
07-09-2006,11.53,11.34,11.82,10.93,60.00K,1.10%
07-02-2006,11.405,10.92,11.64,10.92,44.46K,3.68%
06/25/2006,11,10.3,11.13,10.02,80.49K,6.95%
06/18/2006,10.285,10.2,10.655,9.785,60.79K,1.53%
06-11-2006,10.13,11.15,11.285,9.45,103.27K,-9.63%
06-04-2006,11.21,12.11,12.39,11.05,82.12K,-7.24%
05/28/2006,12.085,12.71,13.36,11.55,72.44K,-5.07%
05/21/2006,12.73,12.5,13.195,11.88,78.41K,2.99%
05/14/2006,12.36,14.36,14.46,12.08,109.16K,-13.17%
05-07-2006,14.235,13.97,15.2,13.44,121.04K,2.48%
04/30/2006,13.89,13.78,14.52,13.2,108.52K,1.91%
04/23/2006,13.63,13.2,14,11.69,153.61K,5.13%
04/16/2006,12.965,12.95,14.69,11.6,205.07K,0.86%
04-09-2006,12.855,12.07,13.01,12.065,108.99K,6.50%
04-02-2006,12.07,11.505,12.195,11.47,109.62K,4.77%
03/26/2006,11.52,10.77,11.94,10.745,137.00K,7.31%
03/19/2006,10.735,10.365,10.77,10.155,99.48K,3.57%
03-12-2006,10.365,9.975,10.46,9.925,78.83K,4.07%
03-05-2006,9.96,10.22,10.295,9.67,110.61K,-2.69%
02/26/2006,10.235,9.8,10.33,9.61,108.83K,4.17%
02/19/2006,9.825,9.49,9.86,9.425,74.02K,4.30%
02-12-2006,9.42,9.395,9.505,9.055,120.01K,0.43%
02-05-2006,9.38,9.77,9.89,9.275,116.10K,-3.89%
01/29/2006,9.76,9.6,9.95,9.575,104.84K,1.61%
01/22/2006,9.605,8.92,9.8,8.855,132.27K,7.56%
01/15/2006,8.93,9.24,9.355,8.79,90.60K,-2.51%
01-08-2006,9.16,9.18,9.305,8.855,288.32K,-0.14%
01-01-2006,9.173,8.91,9.305,8.76,94.26K,2.95%
12/25/2005,8.91,8.67,9.03,8.67,49.06K,2.89%
12/18/2005,8.66,8.62,8.75,8.29,66.93K,0.70%
12-11-2005,8.6,9.09,9.345,8.38,128.33K,-5.44%
12-04-2005,9.095,8.65,9.14,8.6,92.32K,5.18%
11/27/2005,8.647,8.155,8.72,8.155,111.55K,6.36%
11/20/2005,8.13,8.05,8.225,8.035,95.05K,0.78%
11/13/2005,8.067,7.78,8.18,7.7,124.65K,3.96%
11-06-2005,7.76,7.565,7.79,7.45,90.70K,2.47%
10/30/2005,7.573,7.835,7.845,7.41,103.27K,-3.16%
10/23/2005,7.82,7.69,7.945,7.64,76.61K,1.62%
10/16/2005,7.695,7.84,7.925,7.53,88.59K,-2.12%
10-09-2005,7.862,7.775,7.955,7.64,103.43K,1.18%
10-02-2005,7.77,7.48,7.785,7.36,95.54K,3.43%
09/25/2005,7.512,7.33,7.645,7.235,109.95K,2.41%
09/18/2005,7.335,7.29,7.525,7.265,121.08K,0.64%
09-11-2005,7.288,7.075,7.32,6.91,101.31K,3.16%
09-04-2005,7.065,7.1,7.17,7,51.00K,0.14%
08/28/2005,7.055,6.755,7.125,6.705,116.21K,4.64%
08/21/2005,6.742,7,7.1,6.72,115.82K,-3.80%
08/14/2005,7.008,7.095,7.125,6.925,68.08K,-1.16%
08-07-2005,7.09,7.145,7.255,6.96,86.05K,-0.95%
07/31/2005,7.158,7.25,7.33,7.14,79.37K,-1.43%
07/24/2005,7.262,7.105,7.27,6.965,79.29K,2.07%
